mini_date,mini_time,mini_BV,mini_T,mini_DO,mini_Q,,,,,,
07/12/2017,6:37,3.51,27.301,7.692,0.999,,,,,,
07/12/2017,6:47,3.51,28.264,7.688,1.001,,,,,,
07/12/2017,6:57,3.51,28.384,3.816,1.001,,,,,,
07/12/2017,7:07,3.51,28.418,3.707,1.001,,,,,,
07/12/2017,7:17,3.51,28.427,3.372,1.002,,,,,,
07/12/2017,7:27,3.51,28.521,3.706,1.002,,,,,,
07/12/2017,7:37,3.51,28.589,3.633,1.002,,,,,,
07/12/2017,7:47,3.51,28.623,3.548,1.001,,,,,,
07/12/2017,7:57,3.51,28.658,3.623,1.003,,,,,,
07/12/2017,8:07,3.51,28.735,3.703,1.003,,,,,,
07/12/2017,8:17,3.51,28.752,3.619,1.002,,,,,,
07/12/2017,8:27,3.51,28.735,3.597,1.002,,,,,,
07/12/2017,8:37,3.51,28.632,3.624,1.001,,,,,,
07/12/2017,8:47,3.51,28.632,3.64,1.002,,,,,,
07/12/2017,8:57,3.51,28.641,3.694,1.002,,,,,,
07/12/2017,9:07,3.51,28.675,3.7,1.002,,,,,,
07/12/2017,9:17,3.51,28.709,3.846,1.001,,,,,,
07/12/2017,9:27,3.51,28.709,3.697,1.001,,,,,,
07/12/2017,9:37,3.51,28.709,3.683,1.002,,,,,,
07/12/2017,9:47,3.51,28.675,3.663,1.002,,,,,,
07/12/2017,9:57,3.51,28.692,3.824,1.001,,,,,,
07/12/2017,10:07,3.51,28.641,3.655,1.002,,,,,,
07/12/2017,10:17,3.51,28.623,3.777,1.001,,,,,,
07/12/2017,10:27,3.51,28.632,3.693,1.001,,,,,,
07/12/2017,10:37,3.51,28.615,3.604,1.003,,,,,,
07/12/2017,10:47,3.51,28.598,3.815,1.001,,,,,,
07/12/2017,10:57,3.51,28.581,3.777,1.001,,,,,,
07/12/2017,11:07,3.51,28.555,3.779,1.001,,,,,,
07/12/2017,11:17,3.51,28.555,3.75,1.001,,,,,,
07/12/2017,11:27,3.51,28.538,3.744,1.001,,,,,,
07/12/2017,11:37,3.51,28.529,4.003,1.002,,,,,,
07/12/2017,11:47,3.51,28.521,3.937,1.001,,,,,,
07/12/2017,11:57,3.51,28.495,3.747,1.002,,,,,,
07/12/2017,12:07,3.51,28.461,3.894,1.001,,,,,,
07/12/2017,12:17,3.51,28.435,3.927,1.001,,,,,,
07/12/2017,12:27,3.51,28.427,3.843,1.001,,,,,,
07/12/2017,12:37,3.51,28.384,3.915,1.001,,,,,,
07/12/2017,12:47,3.51,28.367,3.899,1,,,,,,
07/12/2017,12:57,3.51,28.375,3.792,1.001,,,,,,
07/12/2017,13:07,3.51,28.384,3.849,1.001,,,,,,
07/12/2017,13:17,3.51,28.375,3.84,1.002,,,,,,
07/12/2017,13:27,3.51,28.358,3.601,1.002,,,,,,
07/12/2017,13:37,3.51,28.375,3.49,1.002,,,,,,
07/12/2017,13:47,3.51,28.375,3.74,1.001,,,,,,
07/12/2017,13:57,3.51,28.35,3.764,1.001,,,,,,
07/12/2017,14:07,3.51,28.333,3.825,1.002,,,,,,
07/12/2017,14:17,3.51,28.298,3.735,1.002,,,,,,
07/12/2017,14:27,3.51,28.324,3.636,1.002,,,,,,
07/12/2017,14:37,3.51,28.307,3.504,1.002,,,,,,
07/12/2017,14:47,3.51,28.307,3.552,1.002,,,,,,
07/12/2017,14:57,3.51,28.333,3.543,1.002,,,,,,
07/12/2017,15:07,3.51,28.315,3.367,1.002,,,,,,
07/12/2017,15:17,3.51,28.315,3.092,1.003,,,,,,
07/12/2017,15:27,3.51,28.341,3.073,1.002,,,,,,
07/12/2017,15:37,3.51,28.324,2.937,1.002,,,,,,
07/12/2017,15:47,3.51,28.315,3.008,1.001,,,,,,
07/12/2017,15:57,3.51,28.281,3.163,1.002,,,,,,
07/12/2017,16:07,3.51,28.324,3.336,1.001,,,,,,
07/12/2017,16:17,3.51,28.29,2.893,1.003,,,,,,
07/12/2017,16:27,3.51,28.324,2.71,1.003,,,,,,
07/12/2017,16:37,3.51,28.324,3.002,1.002,,,,,,
07/12/2017,16:47,3.51,28.333,2.994,1.002,,,,,,
07/12/2017,16:57,3.51,28.307,3.154,1.002,,,,,,
07/12/2017,17:07,3.52,28.333,3.202,1.001,,,,,,
07/12/2017,17:17,3.51,28.315,3.227,1.001,,,,,,
07/12/2017,17:27,3.52,28.307,3.413,1.002,,,,,,
07/12/2017,17:37,3.51,28.333,3.244,1.001,,,,,,
07/12/2017,17:47,3.51,28.341,3.172,1.003,,,,,,
07/12/2017,17:57,3.51,28.35,3.29,1.003,,,,,,
07/12/2017,18:07,3.51,28.315,3.139,1.002,,,,,,
07/12/2017,18:17,3.51,28.29,3.204,1.002,,,,,,
07/12/2017,18:27,3.51,28.307,3.187,1.003,,,,,,
07/12/2017,18:37,3.51,28.281,2.991,1.003,,,,,,
07/12/2017,18:47,3.51,28.29,2.981,1.003,,,,,,
07/12/2017,18:57,3.52,28.273,2.868,1.003,,,,,,
07/12/2017,19:07,3.51,28.264,3.174,1.002,,,,,,
07/12/2017,19:17,3.51,28.264,3.094,1.002,,,,,,
07/12/2017,19:27,3.52,28.29,3.262,1.002,,,,,,
07/12/2017,19:37,3.52,28.281,3.028,1.003,,,,,,
07/12/2017,19:47,3.51,28.298,3.184,1.002,,,,,,
07/12/2017,19:57,3.51,28.307,2.995,1.002,,,,,,
07/12/2017,20:07,3.51,28.307,3.022,1.003,,,,,,
07/12/2017,20:17,3.51,28.298,2.955,1.002,,,,,,
07/12/2017,20:27,3.51,28.298,3.149,1.003,,,,,,
07/12/2017,20:37,3.51,28.324,3.089,1.002,,,,,,
07/12/2017,20:47,3.51,28.298,2.995,1.002,,,,,,
07/12/2017,20:57,3.51,28.324,2.949,1.003,,,,,,
07/12/2017,21:07,3.51,28.315,2.944,1.003,,,,,,
07/12/2017,21:17,3.52,28.333,3.001,1.002,,,,,,
07/12/2017,21:27,3.51,28.341,2.984,1.003,,,,,,
07/12/2017,21:37,3.51,28.298,2.952,1.002,,,,,,
07/12/2017,21:47,3.51,28.324,3.028,1.003,,,,,,
07/12/2017,21:57,3.51,28.315,3.071,1.003,,,,,,
07/12/2017,22:07,3.51,28.333,3.055,1.002,,,,,,
07/12/2017,22:17,3.51,28.324,3.013,1.003,,,,,,
07/12/2017,22:27,3.52,28.281,2.969,1.002,,,,,,
07/12/2017,22:37,3.51,28.315,2.89,1.002,,,,,,
07/12/2017,22:47,3.51,28.29,2.799,1.002,,,,,,
07/12/2017,22:57,3.51,28.281,2.932,1.002,,,,,,
07/12/2017,23:07,3.52,28.247,2.857,1.002,,,,,,
07/12/2017,23:17,3.51,28.256,3.021,1.002,,,,,,
07/12/2017,23:27,3.51,28.239,2.848,1.003,,,,,,
07/12/2017,23:37,3.51,28.239,2.833,1.003,,,,,,
07/12/2017,23:47,3.51,28.221,2.949,1.003,,,,,,
07/12/2017,23:57,3.51,28.221,2.934,1.003,,,,,,
08/12/2017,0:07,3.51,28.23,3.381,1.002,,,,,,
08/12/2017,0:17,3.52,28.179,2.924,1.002,,,,,,
08/12/2017,0:27,3.51,28.204,2.783,1.003,,,,,,
08/12/2017,0:37,3.51,28.179,2.654,1.003,,,,,,
08/12/2017,0:47,3.51,28.196,2.798,1.002,,,,,,
08/12/2017,0:57,3.51,28.213,2.912,1.003,,,,,,
08/12/2017,1:07,3.52,28.196,2.961,1.002,,,,,,
08/12/2017,1:17,3.51,28.221,3.113,1.001,,,,,,
08/12/2017,1:27,3.51,28.213,3.02,1.002,,,,,,
08/12/2017,1:37,3.52,28.196,3.021,1.003,,,,,,
08/12/2017,1:47,3.52,28.256,3.099,1.003,,,,,,
08/12/2017,1:57,3.52,28.256,3.103,1.002,,,,,,
08/12/2017,2:07,3.51,28.247,3.107,1.002,,,,,,
08/12/2017,2:17,3.51,28.239,3.197,1.002,,,,,,
08/12/2017,2:27,3.52,28.247,3.109,1.002,,,,,,
08/12/2017,2:37,3.52,28.239,3.157,1.002,,,,,,
08/12/2017,2:47,3.52,28.29,3.083,1.001,,,,,,
08/12/2017,2:57,3.52,28.273,3.177,1.002,,,,,,
08/12/2017,3:07,3.52,28.29,3.195,1.002,,,,,,
08/12/2017,3:17,3.52,28.315,3.28,1.002,,,,,,
08/12/2017,3:27,3.52,28.333,3.247,1.002,,,,,,
08/12/2017,3:37,3.52,28.324,3.456,1.001,,,,,,
08/12/2017,3:47,3.52,28.375,3.331,1.001,,,,,,
08/12/2017,3:57,3.52,28.392,3.187,1.001,,,,,,
08/12/2017,4:07,3.52,28.41,2.928,1.002,,,,,,
08/12/2017,4:17,3.51,28.452,3.056,1.002,,,,,,
08/12/2017,4:27,3.51,28.444,3.16,1,,,,,,
08/12/2017,4:37,3.52,28.401,2.993,1.003,,,,,,
08/12/2017,4:47,3.51,28.469,3.069,1.002,,,,,,
08/12/2017,4:57,3.52,28.41,3.067,1,,,,,,
08/12/2017,5:07,3.52,28.487,2.861,1.001,,,,,,
08/12/2017,5:17,3.52,29.121,3.588,1.002,,,,,,
08/12/2017,5:27,3.52,29.327,3.435,1.001,,,,,,
08/12/2017,5:37,3.52,29.121,3.045,1.001,,,,,,
08/12/2017,5:47,3.52,29.061,3.101,1.002,,,,,,
08/12/2017,5:57,3.52,29.129,3.204,1.002,,,,,,
08/12/2017,6:07,3.51,29.138,3.204,1.003,,,,,,
08/12/2017,6:17,3.52,29.087,3.246,1.002,,,,,,
08/12/2017,6:27,3.52,28.778,2.841,1.002,,,,,,
08/12/2017,6:37,3.52,28.769,2.874,1.002,,,,,,
08/12/2017,6:47,3.52,28.735,3.238,1.001,,,,,,
08/12/2017,6:57,3.52,28.726,3.012,1.001,,,,,,
08/12/2017,7:07,3.52,28.683,2.906,1.002,,,,,,
08/12/2017,7:17,3.52,28.812,2.89,1.002,,,,,,
08/12/2017,7:27,3.52,28.786,2.874,1.002,,,,,,
08/12/2017,7:37,3.52,28.769,3.11,1.002,,,,,,
08/12/2017,7:47,3.52,28.812,2.905,1.002,,,,,,
08/12/2017,7:57,3.52,28.778,2.945,1.002,,,,,,
08/12/2017,8:07,3.52,28.803,3.077,1.002,,,,,,
08/12/2017,8:17,3.52,29.018,3.054,1.002,,,,,,
08/12/2017,8:27,3.52,29.19,2.861,1.003,,,,,,
08/12/2017,8:37,3.51,29.095,2.91,1.002,,,,,,
08/12/2017,8:47,3.52,29.147,3.057,1.002,,,,,,
08/12/2017,8:57,3.52,29.258,3.036,1.003,,,,,,
08/12/2017,9:07,3.52,29.258,2.967,1.002,,,,,,
08/12/2017,9:17,3.52,29.164,3.217,1.001,,,,,,
08/12/2017,9:27,3.52,29.044,3.371,1.002,,,,,,
08/12/2017,9:37,3.52,29.044,3.309,1.001,,,,,,
08/12/2017,9:47,3.52,29.052,3.334,1.002,,,,,,
08/12/2017,9:57,3.52,29.087,3.408,1.002,,,,,,
08/12/2017,10:07,3.52,29.138,3.332,1.001,,,,,,
08/12/2017,10:17,3.52,29.112,3.19,1.002,,,,,,
08/12/2017,10:27,3.52,29.164,3.353,1,,,,,,
08/12/2017,10:37,3.52,29.155,3.263,1.002,,,,,,
08/12/2017,10:47,3.52,29.129,3.184,1.002,,,,,,
08/12/2017,10:57,3.52,29.112,3.214,1.003,,,,,,
08/12/2017,11:07,3.52,29.087,3.151,1.002,,,,,,
08/12/2017,11:17,3.52,29.069,3.129,1.001,,,,,,
08/12/2017,11:27,3.52,29.052,3.107,1.002,,,,,,
08/12/2017,11:37,3.52,29.035,3.06,1.002,,,,,,
08/12/2017,11:47,3.52,29.009,3.359,1.002,,,,,,
08/12/2017,11:57,3.52,29.001,3.386,1.001,,,,,,
08/12/2017,12:07,3.52,28.992,3.258,1.001,,,,,,
08/12/2017,12:17,3.52,28.975,3.418,1.002,,,,,,
08/12/2017,12:27,3.52,28.984,3.131,1.002,,,,,,
08/12/2017,12:37,3.52,28.958,3.372,1.001,,,,,,
08/12/2017,12:47,3.52,28.949,3.43,1.001,,,,,,
08/12/2017,12:57,3.52,28.923,3.324,1.001,,,,,,
08/12/2017,13:07,3.52,28.923,3.134,1.001,,,,,,
08/12/2017,13:17,3.52,28.932,3.128,1.002,,,,,,
08/12/2017,13:27,3.52,28.923,3.233,1.002,,,,,,
08/12/2017,13:37,3.52,28.915,3.037,1.002,,,,,,
08/12/2017,13:47,3.52,28.923,3.047,1.003,,,,,,
08/12/2017,13:57,3.52,28.898,2.885,1.002,,,,,,
08/12/2017,14:07,3.52,28.881,2.789,1.001,,,,,,
08/12/2017,14:17,3.52,28.872,3.039,1.002,,,,,,
08/12/2017,14:27,3.52,28.863,2.847,1.001,,,,,,
08/12/2017,14:37,3.52,28.881,2.792,1.001,,,,,,
08/12/2017,14:47,3.52,28.872,2.756,1,,,,,,
08/12/2017,14:57,3.52,28.863,2.677,1.001,,,,,,
08/12/2017,15:07,3.52,28.872,3.158,1.002,,,,,,
08/12/2017,15:17,3.52,28.829,3.246,1.001,,,,,,
08/12/2017,15:27,3.52,28.821,3.149,1,,,,,,
08/12/2017,15:37,3.52,28.829,3.281,1.001,,,,,,
08/12/2017,15:47,3.52,28.846,3.12,1.001,,,,,,
08/12/2017,15:57,3.52,28.821,3.131,1,,,,,,
08/12/2017,16:07,3.52,28.821,2.99,1.002,,,,,,
08/12/2017,16:17,3.52,28.812,3.128,1.002,,,,,,
08/12/2017,16:27,3.52,28.812,2.981,1.001,,,,,,
08/12/2017,16:37,3.52,28.786,2.803,1,,,,,,
08/12/2017,16:47,3.52,28.786,2.859,1.001,,,,,,
08/12/2017,16:57,3.51,28.795,3.232,1.001,,,,,,
08/12/2017,17:07,3.52,28.795,3.043,1.001,,,,,,
08/12/2017,17:17,3.52,28.795,2.906,1.001,,,,,,
08/12/2017,17:27,3.52,28.803,2.761,1.001,,,,,,
08/12/2017,17:37,3.52,28.786,3.123,1.001,,,,,,
08/12/2017,17:47,3.52,28.829,3.007,1.001,,,,,,
08/12/2017,17:57,3.52,28.863,2.937,1.002,,,,,,
08/12/2017,18:07,3.52,28.881,2.735,1.001,,,,,,
08/12/2017,18:17,3.52,28.898,2.776,1.001,,,,,,
08/12/2017,18:27,3.52,28.898,2.785,1.001,,,,,,
08/12/2017,18:37,3.52,28.881,2.784,1.001,,,,,,
08/12/2017,18:47,3.52,28.881,2.887,1.002,,,,,,
08/12/2017,18:57,3.52,28.855,2.807,1.001,,,,,,
08/12/2017,19:07,3.52,28.846,2.701,1.001,,,,,,
08/12/2017,19:17,3.52,28.829,2.811,1.001,,,,,,
08/12/2017,19:27,3.52,28.829,2.694,1.001,,,,,,
08/12/2017,19:37,3.52,28.812,2.582,1.001,,,,,,
08/12/2017,19:47,3.52,28.821,2.568,1.001,,,,,,
08/12/2017,19:57,3.52,28.803,2.413,1,,,,,,
08/12/2017,20:07,3.52,28.838,2.461,1.001,,,,,,
08/12/2017,20:17,3.52,28.821,2.458,1.001,,,,,,
08/12/2017,20:27,3.52,28.821,2.437,1.001,,,,,,
08/12/2017,20:37,3.52,28.846,2.435,1.001,,,,,,
08/12/2017,20:47,3.52,28.829,2.386,1.001,,,,,,
08/12/2017,20:57,3.52,28.821,2.28,1.001,,,,,,
08/12/2017,21:07,3.52,28.829,2.437,1.001,,,,,,
08/12/2017,21:17,3.52,28.812,2.368,1.001,,,,,,
08/12/2017,21:27,3.52,28.803,2.31,1.002,,,,,,
08/12/2017,21:37,3.52,28.795,2.264,1,,,,,,
08/12/2017,21:47,3.52,28.803,2.431,1,,,,,,
08/12/2017,21:57,3.52,28.761,2.672,1.002,,,,,,
08/12/2017,22:07,3.52,28.743,2.894,1.001,,,,,,
08/12/2017,22:17,3.52,28.735,2.913,1.001,,,,,,
08/12/2017,22:27,3.52,28.718,2.791,1.001,,,,,,
08/12/2017,22:37,3.52,28.683,2.989,1,,,,,,
08/12/2017,22:47,3.52,28.718,2.942,1.001,,,,,,
08/12/2017,22:57,3.52,28.683,3.045,1.001,,,,,,
08/12/2017,23:07,3.52,28.701,2.784,1.001,,,,,,
08/12/2017,23:17,3.52,28.658,2.576,1,,,,,,
08/12/2017,23:27,3.52,28.675,2.643,1.001,,,,,,
08/12/2017,23:37,3.52,28.649,2.825,1.001,,,,,,
08/12/2017,23:47,3.52,28.632,2.718,0.999,,,,,,
08/12/2017,23:57,3.52,28.632,2.81,1,,,,,,
09/12/2017,0:07,3.52,28.632,2.787,1.002,,,,,,
09/12/2017,0:17,3.52,28.632,2.8,1,,,,,,
09/12/2017,0:27,3.52,28.632,2.951,1.001,,,,,,
09/12/2017,0:37,3.52,28.598,3.093,1.001,,,,,,
09/12/2017,0:47,3.52,28.598,3.008,1.001,,,,,,
09/12/2017,0:57,3.52,28.606,3.129,1.001,,,,,,
09/12/2017,1:07,3.52,28.615,3.298,1.001,,,,,,
09/12/2017,1:17,3.52,28.615,3.295,1.002,,,,,,
09/12/2017,1:27,3.52,28.623,3.174,1.001,,,,,,
09/12/2017,1:37,3.52,28.623,3.275,1.002,,,,,,
09/12/2017,1:47,3.52,28.632,3.153,1,,,,,,
09/12/2017,1:57,3.52,28.641,3.138,1.001,,,,,,
09/12/2017,2:07,3.52,28.675,3.19,1.001,,,,,,
09/12/2017,2:17,3.52,28.675,3.185,1,,,,,,
09/12/2017,2:27,3.52,28.701,3.146,1.001,,,,,,
09/12/2017,2:37,3.52,28.718,3.245,1.001,,,,,,
09/12/2017,2:47,3.52,28.726,3.35,1.002,,,,,,
09/12/2017,2:57,3.52,28.743,3.38,1.001,,,,,,
09/12/2017,3:07,3.52,28.743,3.334,1,,,,,,
09/12/2017,3:17,3.52,28.769,3.452,1,,,,,,
09/12/2017,3:27,3.52,28.786,3.471,1,,,,,,
09/12/2017,3:37,3.52,28.803,3.507,1,,,,,,
09/12/2017,3:47,3.52,28.821,3.644,1.001,,,,,,
09/12/2017,3:57,3.52,28.846,3.446,1.001,,,,,,
09/12/2017,4:07,3.52,28.906,3.413,1,,,,,,
09/12/2017,4:17,3.52,28.906,3.425,1.001,,,,,,
09/12/2017,4:27,3.52,28.915,3.325,1.001,,,,,,
09/12/2017,4:37,3.52,28.932,3.417,1,,,,,,
09/12/2017,4:47,3.52,28.915,3.384,1,,,,,,
09/12/2017,4:57,3.52,28.915,3.385,0.999,,,,,,
09/12/2017,5:07,3.52,29.069,3.371,1.001,,,,,,
09/12/2017,5:17,3.52,28.932,3.275,1.001,,,,,,
09/12/2017,5:27,3.52,29.379,3.631,1.001,,,,,,
09/12/2017,5:37,3.52,29.241,3.513,1.001,,,,,,
09/12/2017,5:47,3.52,29.525,3.68,1,,,,,,
09/12/2017,5:57,3.52,29.723,3.704,1,,,,,,
09/12/2017,6:07,3.52,30.043,3.841,1,,,,,,
09/12/2017,6:17,3.52,30.198,3.831,1.001,,,,,,
09/12/2017,6:27,3.52,29.844,3.461,0.999,,,,,,
09/12/2017,6:37,3.52,30.034,3.488,1,,,,,,
09/12/2017,6:47,3.52,30.017,3.381,1.001,,,,,,
09/12/2017,6:57,3.52,30.094,3.475,1,,,,,,
09/12/2017,7:07,3.52,29.784,3.423,1,,,,,,
09/12/2017,7:17,3.52,30.025,3.453,1,,,,,,
09/12/2017,7:27,3.52,30.06,3.522,0.999,,,,,,
09/12/2017,7:37,3.52,29.87,3.37,1,,,,,,
09/12/2017,7:47,3.52,29.732,3.441,0.999,,,,,,
09/12/2017,7:57,3.52,29.525,3.224,1,,,,,,
09/12/2017,8:07,3.52,29.379,3.221,1,,,,,,
09/12/2017,8:17,3.52,29.293,3.233,1.001,,,,,,
09/12/2017,8:27,3.52,29.284,3.244,1,,,,,,
09/12/2017,8:37,3.52,29.267,3.238,1.001,,,,,,
09/12/2017,8:47,3.52,29.387,3.164,1.002,,,,,,
09/12/2017,8:57,3.52,29.379,3.073,1.001,,,,,,
09/12/2017,9:07,3.52,29.542,3.38,1.001,,,,,,
09/12/2017,9:17,3.52,29.525,3.274,1,,,,,,
09/12/2017,9:27,3.52,29.663,3.416,1,,,,,,
09/12/2017,9:37,3.52,29.749,3.311,1.001,,,,,,
09/12/2017,9:47,3.52,29.749,3.412,1,,,,,,
09/12/2017,9:57,3.52,29.594,3.403,1.001,,,,,,
09/12/2017,10:07,3.52,29.585,3.29,1.001,,,,,,
09/12/2017,10:17,3.52,29.603,3.224,1.002,,,,,,
09/12/2017,10:27,3.52,29.559,3.519,1,,,,,,
09/12/2017,10:37,3.52,29.534,3.41,1,,,,,,
09/12/2017,10:47,3.52,29.594,3.417,0.999,,,,,,
09/12/2017,10:57,3.52,29.577,3.578,1.001,,,,,,
09/12/2017,11:07,3.52,29.62,3.584,1.001,,,,,,
09/12/2017,11:17,3.52,29.611,3.643,1,,,,,,
09/12/2017,11:27,3.52,29.594,3.614,1,,,,,,
09/12/2017,11:37,3.52,29.568,3.669,1,,,,,,
09/12/2017,11:47,3.52,29.559,3.584,1.001,,,,,,
09/12/2017,11:57,3.52,29.508,3.633,1,,,,,,
09/12/2017,12:07,3.52,29.499,3.519,1,,,,,,
09/12/2017,12:17,3.52,29.465,3.57,1.001,,,,,,
09/12/2017,12:27,3.52,29.439,3.815,0.999,,,,,,
09/12/2017,12:37,3.52,29.405,3.691,0.999,,,,,,
09/12/2017,12:47,3.52,29.396,3.659,1,,,,,,
09/12/2017,12:57,3.52,29.379,3.664,1.001,,,,,,
09/12/2017,13:07,3.52,29.336,3.502,1,,,,,,
09/12/2017,13:17,3.52,29.336,3.461,1.001,,,,,,
09/12/2017,13:27,3.52,29.31,3.381,1.001,,,,,,
09/12/2017,13:37,3.52,29.301,3.456,1.001,,,,,,
09/12/2017,13:47,3.52,29.301,3.241,1.001,,,,,,
09/12/2017,13:57,3.52,29.31,3.439,1,,,,,,
09/12/2017,14:07,3.52,29.276,3.371,1.001,,,,,,
09/12/2017,14:17,3.52,29.284,3.352,1.001,,,,,,
09/12/2017,14:27,3.52,29.284,3.193,1.002,,,,,,
09/12/2017,14:37,3.52,29.267,3.287,1.001,,,,,,
09/12/2017,14:47,3.52,29.241,3.261,1,,,,,,
09/12/2017,14:57,3.52,29.25,3.329,1.001,,,,,,
09/12/2017,15:07,3.52,29.241,3.257,1.001,,,,,,
09/12/2017,15:17,3.52,29.241,3.228,1.001,,,,,,
09/12/2017,15:27,3.52,29.233,3.169,1,,,,,,
09/12/2017,15:37,3.52,29.198,3.127,1.001,,,,,,
09/12/2017,15:47,3.52,29.224,3.104,1.001,,,,,,
09/12/2017,15:57,3.52,29.207,3.082,1.001,,,,,,
09/12/2017,16:07,3.52,29.198,3.03,1,,,,,,
09/12/2017,16:17,3.52,29.215,3.022,1,,,,,,
09/12/2017,16:27,3.52,29.215,3.236,1.001,,,,,,
09/12/2017,16:37,3.52,29.181,3.18,1.001,,,,,,
09/12/2017,16:47,3.52,29.19,3.19,1,,,,,,
09/12/2017,16:57,3.52,29.19,3.16,1.001,,,,,,
09/12/2017,17:07,3.52,29.155,3.196,1.002,,,,,,
09/12/2017,17:17,3.52,29.138,3.198,1.001,,,,,,
09/12/2017,17:27,3.52,29.138,3.133,1.001,,,,,,
09/12/2017,17:37,3.52,29.129,3.313,1.002,,,,,,
09/12/2017,17:47,3.52,29.095,3.417,1,,,,,,
09/12/2017,17:57,3.52,29.087,3.278,1.001,,,,,,
09/12/2017,18:07,3.52,29.129,3.242,1,,,,,,
09/12/2017,18:17,3.52,29.112,3.222,1.001,,,,,,
09/12/2017,18:27,3.52,29.095,3.157,1.001,,,,,,
09/12/2017,18:37,3.52,29.069,3.26,1,,,,,,
09/12/2017,18:47,3.52,29.104,3.182,1.001,,,,,,
09/12/2017,18:57,3.52,29.069,3.104,1,,,,,,
09/12/2017,19:07,3.52,29.129,2.981,1.001,,,,,,
09/12/2017,19:17,3.52,29.138,2.832,1.001,,,,,,
09/12/2017,19:27,3.52,29.147,2.82,1.001,,,,,,
09/12/2017,19:37,3.52,29.138,2.827,1.002,,,,,,
09/12/2017,19:47,3.52,29.112,2.91,1.001,,,,,,
09/12/2017,19:57,3.52,29.069,2.994,1,,,,,,
09/12/2017,20:07,3.52,29.026,3.169,1.001,,,,,,
09/12/2017,20:17,3.52,29.018,3.341,0.999,,,,,,
09/12/2017,20:27,3.52,29.018,3.318,1.002,,,,,,
09/12/2017,20:37,3.52,28.966,3.377,1.001,,,,,,
09/12/2017,20:47,3.52,28.984,3.455,1,,,,,,
09/12/2017,20:57,3.52,28.966,3.244,1.001,,,,,,
09/12/2017,21:07,3.52,28.958,3.476,1.001,,,,,,
09/12/2017,21:17,3.52,28.958,3.502,1.001,,,,,,
09/12/2017,21:27,3.52,28.958,3.519,1.001,,,,,,
09/12/2017,21:37,3.52,28.932,3.593,0.999,,,,,,
09/12/2017,21:47,3.52,28.932,3.581,1.001,,,,,,
09/12/2017,21:57,3.52,28.949,3.585,1.001,,,,,,
09/12/2017,22:07,3.52,28.923,3.649,0.999,,,,,,
09/12/2017,22:17,3.52,28.898,3.612,1.001,,,,,,
09/12/2017,22:27,3.52,28.898,3.586,1,,,,,,
09/12/2017,22:37,3.52,28.898,3.656,1,,,,,,
09/12/2017,22:47,3.52,28.872,3.684,1,,,,,,
09/12/2017,22:57,3.52,28.863,3.619,1,,,,,,
09/12/2017,23:07,3.52,28.872,3.709,1.001,,,,,,
09/12/2017,23:17,3.52,28.881,3.662,1,,,,,,
09/12/2017,23:27,3.52,28.863,3.565,1,,,,,,
09/12/2017,23:37,3.52,28.872,3.539,1.001,,,,,,
09/12/2017,23:47,3.52,28.838,3.687,1,,,,,,
09/12/2017,23:57,3.52,28.838,3.607,0.999,,,,,,
10/12/2017,0:07,3.52,28.838,3.577,1.001,,,,,,
10/12/2017,0:17,3.52,28.821,3.541,1,,,,,,
10/12/2017,0:27,3.52,28.829,3.546,1,,,,,,
10/12/2017,0:37,3.52,28.812,3.564,1,,,,,,
10/12/2017,0:47,3.52,28.829,3.432,1,,,,,,
10/12/2017,0:57,3.52,28.812,3.457,1,,,,,,
10/12/2017,1:07,3.52,28.821,3.685,1,,,,,,
10/12/2017,1:17,3.52,28.786,3.607,1,,,,,,
10/12/2017,1:27,3.52,28.821,3.618,0.999,,,,,,
10/12/2017,1:37,3.52,28.786,3.519,1,,,,,,
10/12/2017,1:47,3.52,28.821,3.585,1,,,,,,
10/12/2017,1:57,3.52,28.838,3.564,1.001,,,,,,
10/12/2017,2:07,3.52,28.821,3.444,1.001,,,,,,
10/12/2017,2:17,3.52,28.838,3.504,1,,,,,,
10/12/2017,2:27,3.52,28.838,3.547,1,,,,,,
10/12/2017,2:37,3.52,28.881,3.875,1,,,,,,
10/12/2017,2:47,3.52,28.898,3.84,1,,,,,,
10/12/2017,2:57,3.52,28.898,3.735,1,,,,,,
10/12/2017,3:07,3.52,28.923,3.782,1,,,,,,
10/12/2017,3:17,3.52,28.923,3.834,1,,,,,,
10/12/2017,3:27,3.52,28.949,3.819,0.999,,,,,,
10/12/2017,3:37,3.52,28.941,3.919,1,,,,,,
10/12/2017,3:47,3.52,28.984,3.836,0.999,,,,,,
10/12/2017,3:57,3.52,28.984,3.763,1,,,,,,
10/12/2017,4:07,3.52,28.975,3.699,0.999,,,,,,
10/12/2017,4:17,3.52,29.018,3.732,1,,,,,,
10/12/2017,4:27,3.52,29.018,3.772,0.999,,,,,,
10/12/2017,4:37,3.52,29.044,3.73,1,,,,,,
10/12/2017,4:47,3.52,29.095,3.845,1,,,,,,
10/12/2017,4:57,3.52,29.104,3.453,1.001,,,,,,
10/12/2017,5:07,3.52,29.104,3.678,1,,,,,,
10/12/2017,5:17,3.52,29.258,3.744,0.999,,,,,,
10/12/2017,5:27,3.52,29.353,3.787,1,,,,,,
10/12/2017,5:37,3.52,29.215,3.849,0.998,,,,,,
10/12/2017,5:47,3.52,29.62,4.07,1,,,,,,
10/12/2017,5:57,3.52,29.697,3.974,0.999,,,,,,
10/12/2017,6:07,3.52,29.671,4.056,0.999,,,,,,
10/12/2017,6:17,3.52,29.809,3.968,1,,,,,,
10/12/2017,6:27,3.52,30.259,4.302,1,,,,,,
10/12/2017,6:37,3.52,29.637,3.904,0.998,,,,,,
10/12/2017,6:47,3.52,29.749,3.841,0.999,,,,,,
10/12/2017,6:57,3.52,30.146,4.361,0.999,,,,,,
10/12/2017,7:07,3.52,29.749,3.979,0.999,,,,,,
10/12/2017,7:17,3.52,29.654,3.852,1,,,,,,
10/12/2017,7:27,3.52,29.697,3.956,1,,,,,,
10/12/2017,7:37,3.52,29.939,3.94,1,,,,,,
10/12/2017,7:47,3.52,29.948,3.797,1,,,,,,
10/12/2017,7:57,3.52,29.982,3.759,1,,,,,,
10/12/2017,8:07,3.52,29.62,3.447,1.001,,,,,,
10/12/2017,8:17,3.52,29.603,3.556,1,,,,,,
10/12/2017,8:27,3.52,29.706,3.707,1,,,,,,
10/12/2017,8:37,3.52,29.766,3.694,1,,,,,,
10/12/2017,8:47,3.52,29.93,3.639,1,,,,,,
10/12/2017,8:57,3.52,30.043,3.457,1,,,,,,
10/12/2017,9:07,3.52,29.809,3.609,1,,,,,,
10/12/2017,9:17,3.52,29.74,3.57,1.001,,,,,,
10/12/2017,9:27,3.52,29.697,3.644,1,,,,,,
10/12/2017,9:37,3.52,29.775,3.54,1,,,,,,
10/12/2017,9:47,3.52,29.801,3.53,1,,,,,,
10/12/2017,9:57,3.52,29.766,3.503,1,,,,,,
10/12/2017,10:07,3.52,29.758,3.713,0.999,,,,,,
10/12/2017,10:17,3.52,29.766,3.674,0.999,,,,,,
10/12/2017,10:27,3.52,29.74,3.726,1,,,,,,
10/12/2017,10:37,3.52,29.715,3.777,0.999,,,,,,
10/12/2017,10:47,3.52,29.732,3.899,1,,,,,,
10/12/2017,10:57,3.52,29.706,3.85,0.999,,,,,,
10/12/2017,11:07,3.52,29.732,3.928,1,,,,,,
10/12/2017,11:17,3.52,29.723,3.964,1,,,,,,
10/12/2017,11:27,3.52,29.723,3.837,1,,,,,,
10/12/2017,11:37,3.52,29.723,3.642,1,,,,,,
10/12/2017,11:47,3.52,29.689,3.71,1,,,,,,
10/12/2017,11:57,3.52,29.646,3.67,1,,,,,,
10/12/2017,12:07,3.52,29.611,3.627,0.999,,,,,,
10/12/2017,12:17,3.52,29.534,3.688,1,,,,,,
10/12/2017,12:27,3.52,29.499,3.588,0.999,,,,,,
10/12/2017,12:37,3.52,29.473,3.481,1,,,,,,
10/12/2017,12:47,3.52,29.43,3.568,0.999,,,,,,
10/12/2017,12:57,3.52,29.413,3.661,1,,,,,,
10/12/2017,13:07,3.52,29.353,3.536,1.001,,,,,,
10/12/2017,13:17,3.52,29.396,3.493,1,,,,,,
10/12/2017,13:27,3.52,29.387,3.56,1.001,,,,,,
10/12/2017,13:37,3.52,29.396,3.372,1,,,,,,
10/12/2017,13:47,3.52,29.387,3.315,1.001,,,,,,
10/12/2017,13:57,3.52,29.353,3.346,1.001,,,,,,
10/12/2017,14:07,3.52,29.353,3.433,1.001,,,,,,
10/12/2017,14:17,3.52,29.344,3.346,1.001,,,,,,
10/12/2017,14:27,3.52,29.344,3.104,1.001,,,,,,
10/12/2017,14:37,3.52,29.327,3.337,1.001,,,,,,
10/12/2017,14:47,3.52,29.301,3.486,1,,,,,,
10/12/2017,14:57,3.52,29.31,3.418,1.001,,,,,,
10/12/2017,15:07,3.52,29.301,3.373,1.001,,,,,,
10/12/2017,15:17,3.52,29.301,3.296,1,,,,,,
10/12/2017,15:27,3.52,29.293,3.462,1,,,,,,
10/12/2017,15:37,3.52,29.31,3.445,1,,,,,,
10/12/2017,15:47,3.52,29.293,3.42,1.001,,,,,,
10/12/2017,15:57,3.52,29.276,3.354,1.002,,,,,,
10/12/2017,16:07,3.52,29.224,3.403,1,,,,,,
10/12/2017,16:17,3.52,29.233,3.624,1.001,,,,,,
10/12/2017,16:27,3.52,29.224,3.733,1.001,,,,,,
10/12/2017,16:37,3.52,29.233,3.645,1.001,,,,,,
10/12/2017,16:47,3.52,29.241,3.59,1,,,,,,
10/12/2017,16:57,3.52,29.267,3.571,1.001,,,,,,
10/12/2017,17:07,3.52,29.224,3.444,1,,,,,,
10/12/2017,17:17,3.52,29.241,3.434,1,,,,,,
10/12/2017,17:27,3.52,29.233,3.354,1.001,,,,,,
10/12/2017,17:37,3.52,29.224,3.331,1.001,,,,,,
10/12/2017,17:47,3.52,29.215,3.385,1,,,,,,
10/12/2017,17:57,3.52,29.233,3.303,1.001,,,,,,
10/12/2017,18:07,3.52,29.224,3.392,0.999,,,,,,
10/12/2017,18:17,3.52,29.224,3.224,1,,,,,,
10/12/2017,18:27,3.52,29.172,3.223,1.001,,,,,,
10/12/2017,18:37,3.52,29.215,3.376,1,,,,,,
10/12/2017,18:47,3.52,29.198,3.187,1.001,,,,,,
10/12/2017,18:57,3.52,29.172,3.153,1,,,,,,
10/12/2017,19:07,3.52,29.172,3.504,1,,,,,,
10/12/2017,19:17,3.52,29.138,3.428,1.001,,,,,,
10/12/2017,19:27,3.52,29.138,3.406,1.001,,,,,,
10/12/2017,19:37,3.52,29.147,3.287,1,,,,,,
10/12/2017,19:47,3.52,29.155,3.087,1.001,,,,,,
10/12/2017,19:57,3.52,29.172,3.195,1.001,,,,,,
10/12/2017,20:07,3.52,29.129,3.181,1,,,,,,
10/12/2017,20:17,3.52,29.104,3.121,1.001,,,,,,
10/12/2017,20:27,3.52,29.121,3.204,1.001,,,,,,
10/12/2017,20:37,3.52,29.078,3.085,1.002,,,,,,
10/12/2017,20:47,3.52,29.061,3.243,1.001,,,,,,
10/12/2017,20:57,3.52,29.069,3.125,1.001,,,,,,
10/12/2017,21:07,3.52,29.052,3.477,0.999,,,,,,
10/12/2017,21:17,3.52,29.069,3.27,1,,,,,,
10/12/2017,21:27,3.52,29.026,3.423,1,,,,,,
10/12/2017,21:37,3.52,29.044,3.478,1.001,,,,,,
10/12/2017,21:47,3.52,29.009,3.614,1,,,,,,
10/12/2017,21:57,3.52,29.009,3.567,1,,,,,,
10/12/2017,22:07,3.52,28.992,3.43,1,,,,,,
10/12/2017,22:17,3.52,29.001,3.616,1.001,,,,,,
10/12/2017,22:27,3.52,28.975,3.577,1,,,,,,
10/12/2017,22:37,3.52,28.992,3.488,1.001,,,,,,
10/12/2017,22:47,3.52,28.966,3.521,1,,,,,,
10/12/2017,22:57,3.52,28.975,3.505,1,,,,,,
10/12/2017,23:07,3.52,28.984,3.533,1,,,,,,
10/12/2017,23:17,3.52,28.984,3.592,1,,,,,,
10/12/2017,23:27,3.52,28.992,3.656,1.001,,,,,,
10/12/2017,23:37,3.52,29.001,3.735,0.999,,,,,,
10/12/2017,23:47,3.52,29.009,3.597,1,,,,,,
10/12/2017,23:57,3.52,28.984,3.492,1,,,,,,
11/12/2017,0:07,3.52,29.001,3.631,1,,,,,,
11/12/2017,0:17,3.52,29.001,3.575,1,,,,,,
11/12/2017,0:27,3.52,28.984,3.594,1,,,,,,
11/12/2017,0:37,3.52,29.026,3.624,1,,,,,,
11/12/2017,0:47,3.52,28.984,3.59,1,,,,,,
11/12/2017,0:57,3.52,29.018,3.536,1.001,,,,,,
11/12/2017,1:07,3.52,29.009,3.609,1,,,,,,
11/12/2017,1:17,3.52,29.009,3.576,1,,,,,,
11/12/2017,1:27,3.52,29.026,3.622,0.999,,,,,,
11/12/2017,1:37,3.52,29.009,3.504,1,,,,,,
11/12/2017,1:47,3.52,29.018,3.585,0.999,,,,,,
11/12/2017,1:57,3.52,29.044,3.783,0.999,,,,,,
11/12/2017,2:07,3.52,29.044,3.741,0.999,,,,,,
11/12/2017,2:17,3.52,29.035,3.599,0.998,,,,,,
11/12/2017,2:27,3.52,29.035,3.746,0.999,,,,,,
11/12/2017,2:37,3.52,29.061,3.83,1,,,,,,
11/12/2017,2:47,3.52,29.087,3.874,1,,,,,,
11/12/2017,2:57,3.52,29.052,3.887,1,,,,,,
11/12/2017,3:07,3.52,29.095,3.93,1,,,,,,
11/12/2017,3:17,3.52,29.069,3.91,0.999,,,,,,
11/12/2017,3:27,3.52,29.112,3.94,1.001,,,,,,
11/12/2017,3:37,3.52,29.087,3.985,0.999,,,,,,
11/12/2017,3:47,3.52,29.104,3.832,1.001,,,,,,
11/12/2017,3:57,3.52,29.104,3.806,1,,,,,,
11/12/2017,4:07,3.52,29.129,3.683,1,,,,,,
11/12/2017,4:17,3.52,29.138,3.811,1,,,,,,
11/12/2017,4:27,3.52,29.155,3.779,0.999,,,,,,
11/12/2017,4:37,3.52,29.138,3.697,0.999,,,,,,
11/12/2017,4:47,3.52,29.129,3.474,1,,,,,,
11/12/2017,4:57,3.52,29.138,3.484,1.001,,,,,,
11/12/2017,5:07,3.52,29.172,3.613,1.001,,,,,,
11/12/2017,5:17,3.52,29.155,3.608,1,,,,,,
11/12/2017,5:27,3.52,29.147,3.682,1,,,,,,
11/12/2017,5:37,3.52,29.207,3.464,1,,,,,,
11/12/2017,5:47,3.52,29.129,3.806,1,,,,,,
11/12/2017,5:57,3.52,29.155,3.357,1,,,,,,
11/12/2017,6:07,3.52,29.121,3.72,1,,,,,,
11/12/2017,6:17,3.52,29.129,3.743,1,,,,,,
11/12/2017,6:27,3.52,29.129,3.723,1.001,,,,,,
11/12/2017,6:37,3.52,29.241,3.736,0.999,,,,,,
11/12/2017,6:47,3.52,29.181,3.586,1,,,,,,
11/12/2017,6:57,3.52,29.284,3.78,1,,,,,,
11/12/2017,7:07,3.52,29.413,3.938,0.999,,,,,,
11/12/2017,7:17,3.52,29.37,3.853,0.999,,,,,,
11/12/2017,7:27,3.52,29.344,3.669,0.999,,,,,,
11/12/2017,7:37,3.52,29.319,3.62,1,,,,,,
11/12/2017,7:47,3.52,29.344,3.64,1,,,,,,
11/12/2017,7:57,3.52,29.336,3.492,0.999,,,,,,
11/12/2017,8:07,3.52,29.396,3.781,1,,,,,,
11/12/2017,8:17,3.52,29.439,3.871,1,,,,,,
11/12/2017,8:27,3.52,29.465,3.847,0.999,,,,,,
11/12/2017,8:37,3.52,29.396,3.627,0.999,,,,,,
11/12/2017,8:47,3.52,29.413,3.605,1,,,,,,
11/12/2017,8:57,3.52,29.362,3.624,1,,,,,,
11/12/2017,9:07,3.52,29.336,3.543,0.999,,,,,,
11/12/2017,9:17,3.52,29.327,3.617,1,,,,,,
11/12/2017,9:27,3.52,29.336,3.512,1.001,,,,,,
11/12/2017,9:37,3.52,29.301,3.55,0.999,,,,,,
11/12/2017,9:47,3.52,29.336,3.644,1,,,,,,
11/12/2017,9:57,3.52,29.362,3.948,0.999,,,,,,
11/12/2017,10:07,3.52,29.387,3.787,0.999,,,,,,
11/12/2017,10:17,3.52,29.413,3.783,1,,,,,,
11/12/2017,10:27,3.52,29.379,3.75,0.999,,,,,,
11/12/2017,10:37,3.52,29.405,3.656,1,,,,,,
11/12/2017,10:47,3.52,29.405,3.608,1,,,,,,
11/12/2017,10:57,3.52,29.387,3.538,1.001,,,,,,
11/12/2017,11:07,3.52,29.37,3.573,0.999,,,,,,
11/12/2017,11:17,3.52,29.344,3.462,1,,,,,,
11/12/2017,11:27,3.52,29.319,3.385,1,,,,,,
11/12/2017,11:37,3.52,29.319,3.264,1,,,,,,
11/12/2017,11:47,3.52,29.284,3.284,1.001,,,,,,
11/12/2017,11:57,3.52,29.258,3.275,1.001,,,,,,
11/12/2017,12:07,3.52,29.241,3.452,1,,,,,,
11/12/2017,12:17,3.52,29.241,3.408,1,,,,,,
11/12/2017,12:27,3.52,29.224,3.301,1,,,,,,
11/12/2017,12:37,3.52,29.215,3.212,1,,,,,,
11/12/2017,12:47,3.52,29.19,3.311,1,,,,,,
11/12/2017,12:57,3.52,29.181,3.336,1.001,,,,,,
11/12/2017,13:07,3.52,29.19,3.326,1.001,,,,,,
11/12/2017,13:17,3.52,29.181,3.277,1,,,,,,
11/12/2017,13:27,3.52,29.19,3.131,1,,,,,,
11/12/2017,13:37,3.52,29.198,3.221,1.001,,,,,,
11/12/2017,13:47,3.52,29.181,3.15,1.001,,,,,,
11/12/2017,13:57,3.52,29.164,2.868,1.001,,,,,,
11/12/2017,14:07,3.52,29.164,3.023,1.001,,,,,,
11/12/2017,14:17,3.52,29.155,3.117,1.001,,,,,,
11/12/2017,14:27,3.52,29.155,2.917,1.001,,,,,,
11/12/2017,14:37,3.52,29.164,3.205,1.001,,,,,,
11/12/2017,14:47,3.52,29.164,3.137,1.001,,,,,,
11/12/2017,14:57,3.52,29.172,3.103,1,,,,,,
11/12/2017,15:07,3.52,29.172,3.324,1.001,,,,,,
11/12/2017,15:17,3.52,29.172,3.105,1.001,,,,,,
11/12/2017,15:27,3.52,29.164,3.096,1.002,,,,,,
11/12/2017,15:37,3.52,29.147,3.115,1.002,,,,,,
11/12/2017,15:47,3.52,29.147,3.014,1,,,,,,
11/12/2017,15:57,3.52,29.121,2.922,1,,,,,,
11/12/2017,16:07,3.52,29.138,2.989,1.001,,,,,,
11/12/2017,16:17,3.52,29.121,3.029,1.002,,,,,,
11/12/2017,16:27,3.52,29.129,3.101,1.001,,,,,,
11/12/2017,16:37,3.52,29.087,2.698,1.001,,,,,,
11/12/2017,16:47,3.52,29.104,2.792,1.001,,,,,,
11/12/2017,16:57,3.52,29.112,2.676,1.001,,,,,,
11/12/2017,17:07,3.52,29.104,2.862,1.001,,,,,,
11/12/2017,17:17,3.52,29.095,2.611,1.001,,,,,,
11/12/2017,17:27,3.52,29.121,2.58,1.001,,,,,,
11/12/2017,17:37,3.52,29.104,2.699,1.001,,,,,,
11/12/2017,17:47,3.52,29.112,2.823,1.001,,,,,,
11/12/2017,17:57,3.52,29.095,2.788,1.001,,,,,,
11/12/2017,18:07,3.52,29.112,3.08,1,,,,,,
11/12/2017,18:17,3.52,29.121,3.189,1,,,,,,
11/12/2017,18:27,3.52,29.095,3.052,1.001,,,,,,
11/12/2017,18:37,3.52,29.121,3.152,1,,,,,,
11/12/2017,18:47,3.52,29.112,3.23,1,,,,,,
11/12/2017,18:57,3.52,29.078,3.218,1,,,,,,
11/12/2017,19:07,3.52,29.087,3.084,1.002,,,,,,
11/12/2017,19:17,3.52,29.104,3.101,1.001,,,,,,
11/12/2017,19:27,3.52,29.087,3.055,1.001,,,,,,
11/12/2017,19:37,3.52,29.069,3.181,1.001,,,,,,
11/12/2017,19:47,3.52,29.069,3.098,1.001,,,,,,
11/12/2017,19:57,3.52,29.069,3.244,0.999,,,,,,
11/12/2017,20:07,3.52,29.061,3.25,1.001,,,,,,
11/12/2017,20:17,3.52,29.035,3.252,1,,,,,,
11/12/2017,20:27,3.52,29.035,3.121,1.002,,,,,,
11/12/2017,20:37,3.52,29.035,3.099,1,,,,,,
11/12/2017,20:47,3.52,29.018,3.117,1.001,,,,,,
11/12/2017,20:57,3.52,29.018,2.897,1.001,,,,,,
11/12/2017,21:07,3.52,29.026,3.009,1.002,,,,,,
11/12/2017,21:17,3.52,29.018,2.999,1.001,,,,,,
11/12/2017,21:27,3.52,28.992,2.905,1.001,,,,,,
11/12/2017,21:37,3.52,29.001,2.929,1.002,,,,,,
11/12/2017,21:47,3.52,28.992,2.973,1.001,,,,,,
11/12/2017,21:57,3.52,28.984,3.05,1.001,,,,,,
11/12/2017,22:07,3.52,28.984,3.107,1,,,,,,
11/12/2017,22:17,3.52,28.984,3.128,1,,,,,,
11/12/2017,22:27,3.52,28.984,3.188,1.002,,,,,,
11/12/2017,22:37,3.52,28.966,3.21,1,,,,,,
11/12/2017,22:47,3.52,28.966,3.209,1,,,,,,
11/12/2017,22:57,3.52,28.966,3.277,1.001,,,,,,
11/12/2017,23:07,3.52,28.958,3.156,1,,,,,,
11/12/2017,23:17,3.52,28.975,3.261,1.001,,,,,,
11/12/2017,23:27,3.52,28.984,3.106,1.001,,,,,,
11/12/2017,23:37,3.52,28.966,3.093,1.001,,,,,,
11/12/2017,23:47,3.52,28.966,3.191,1,,,,,,
11/12/2017,23:57,3.52,28.949,3.111,1.001,,,,,,
12/12/2017,0:07,3.52,28.984,3.261,1.002,,,,,,
12/12/2017,0:17,3.52,28.984,3.167,1,,,,,,
12/12/2017,0:27,3.52,28.941,3.093,1.001,,,,,,
12/12/2017,0:37,3.52,28.932,3.26,1,,,,,,
12/12/2017,0:47,3.52,28.941,3.208,1.001,,,,,,
12/12/2017,0:57,3.52,28.915,3.167,1,,,,,,
12/12/2017,1:07,3.52,28.932,3.331,1.001,,,,,,
12/12/2017,1:17,3.52,28.915,3.245,1.001,,,,,,
12/12/2017,1:27,3.52,28.889,3.083,1.001,,,,,,
12/12/2017,1:37,3.52,28.889,3.296,1.001,,,,,,
12/12/2017,1:47,3.52,28.881,3.163,1,,,,,,
12/12/2017,1:57,3.52,28.881,3.37,1.001,,,,,,
12/12/2017,2:07,3.52,28.881,3.321,1.001,,,,,,
12/12/2017,2:17,3.52,28.906,3.453,1,,,,,,
12/12/2017,2:27,3.52,28.941,3.52,1.001,,,,,,
12/12/2017,2:37,3.52,28.941,3.546,1.002,,,,,,
12/12/2017,2:47,3.52,28.949,3.638,1,,,,,,
12/12/2017,2:57,3.52,28.966,3.705,1,,,,,,
12/12/2017,3:07,3.52,28.958,3.698,1.001,,,,,,
12/12/2017,3:17,3.52,28.992,3.763,1.001,,,,,,
12/12/2017,3:27,3.52,29.026,3.637,1,,,,,,
12/12/2017,3:37,3.52,29.044,3.8,1,,,,,,
12/12/2017,3:47,3.52,29.035,3.611,1,,,,,,
12/12/2017,3:57,3.52,29.052,3.491,1,,,,,,
12/12/2017,4:07,3.52,29.078,3.637,1,,,,,,
12/12/2017,4:17,3.52,29.164,3.781,0.999,,,,,,
12/12/2017,4:27,3.52,29.138,3.548,0.999,,,,,,
12/12/2017,4:37,3.52,29.19,3.665,1,,,,,,
12/12/2017,4:47,3.52,29.215,3.698,0.999,,,,,,
12/12/2017,4:57,3.52,29.104,3.653,1,,,,,,
12/12/2017,5:07,3.52,29.181,3.502,1.001,,,,,,
12/12/2017,5:17,3.52,29.233,3.619,1,,,,,,
12/12/2017,5:27,3.52,29.241,3.615,1,,,,,,
12/12/2017,5:37,3.52,29.327,3.429,1,,,,,,
12/12/2017,5:47,3.52,29.198,3.534,0.999,,,,,,
12/12/2017,5:57,3.52,29.448,3.554,1,,,,,,
12/12/2017,6:07,3.52,29.482,3.514,1.001,,,,,,
12/12/2017,6:17,3.52,29.387,3.481,1.001,,,,,,
12/12/2017,6:27,3.52,29.689,3.596,0.999,,,,,,
12/12/2017,6:37,3.52,29.482,3.583,1,,,,,,
12/12/2017,6:47,3.52,29.293,3.334,1,,,,,,
12/12/2017,6:57,3.52,29.93,4.006,1.001,,,,,,
12/12/2017,7:07,3.52,30.008,3.91,0.999,,,,,,
12/12/2017,7:17,3.52,30.181,4.014,1,,,,,,
12/12/2017,7:27,3.52,30.328,3.874,1,,,,,,
12/12/2017,7:37,3.52,30.267,3.801,0.999,,,,,,
12/12/2017,7:47,3.52,30.458,4.112,0.998,,,,,,
12/12/2017,7:57,3.52,30.397,3.929,0.998,,,,,,
12/12/2017,8:07,3.52,30.051,3.361,1,,,,,,
12/12/2017,8:17,3.52,29.887,3.487,1,,,,,,
12/12/2017,8:27,3.52,29.965,3.484,1.002,,,,,,
12/12/2017,8:37,3.52,29.792,3.424,1,,,,,,
12/12/2017,8:47,3.52,29.809,3.55,1,,,,,,
12/12/2017,8:57,3.52,30.017,3.72,1,,,,,,
12/12/2017,9:07,3.52,29.991,3.491,0.999,,,,,,
12/12/2017,9:17,3.52,30.017,3.663,0.999,,,,,,
12/12/2017,9:27,3.52,29.922,3.405,1.001,,,,,,
12/12/2017,9:37,3.52,29.896,3.48,1,,,,,,
12/12/2017,9:47,3.52,29.87,3.277,1,,,,,,
12/12/2017,9:57,3.52,29.87,3.387,1.001,,,,,,
12/12/2017,10:07,3.52,29.878,3.269,1,,,,,,
12/12/2017,10:17,3.52,29.861,3.301,1,,,,,,
12/12/2017,10:27,3.52,29.792,3.381,1,,,,,,
12/12/2017,10:37,3.52,29.706,3.23,1.001,,,,,,
12/12/2017,10:47,3.52,29.715,2.835,1.001,,,,,,
12/12/2017,10:57,3.52,29.671,3.05,1,,,,,,
12/12/2017,11:07,3.52,29.654,3.234,0.999,,,,,,
12/12/2017,11:17,3.52,29.697,3.456,1.001,,,,,,
12/12/2017,11:27,3.52,29.723,3.28,1.001,,,,,,
12/12/2017,11:37,3.52,29.715,3.284,1.001,,,,,,
12/12/2017,11:47,3.52,29.697,3.306,1,,,,,,
12/12/2017,11:57,3.52,29.663,3.2,1.001,,,,,,
12/12/2017,12:07,3.52,29.628,3.434,1.001,,,,,,
12/12/2017,12:17,3.52,29.611,3.317,1.001,,,,,,
12/12/2017,12:27,3.52,29.551,3.58,1,,,,,,
12/12/2017,12:37,3.52,29.516,3.48,1,,,,,,
12/12/2017,12:47,3.52,29.499,3.404,1,,,,,,
12/12/2017,12:57,3.52,29.465,3.398,1,,,,,,
12/12/2017,13:07,3.52,29.448,3.333,1,,,,,,
12/12/2017,13:17,3.52,29.43,3.225,1,,,,,,
12/12/2017,13:27,3.52,29.422,3.241,1.002,,,,,,
12/12/2017,13:37,3.52,29.387,3.292,1,,,,,,
12/12/2017,13:47,3.52,29.37,3.124,1.001,,,,,,
12/12/2017,13:57,3.52,29.362,3.231,1,,,,,,
12/12/2017,14:07,3.52,29.353,3.078,1.001,,,,,,
12/12/2017,14:17,3.52,29.327,3.125,1.001,,,,,,
12/12/2017,14:27,3.52,29.327,3.207,1,,,,,,
12/12/2017,14:37,3.52,29.31,3.163,1,,,,,,
12/12/2017,14:47,3.52,29.31,3.154,1.001,,,,,,
12/12/2017,14:57,3.52,29.301,3.245,1,,,,,,
12/12/2017,15:07,3.52,29.293,3.287,1.001,,,,,,
12/12/2017,15:17,3.52,29.31,3.353,1.001,,,,,,
12/12/2017,15:27,3.52,29.301,3.35,1.001,,,,,,
12/12/2017,15:37,3.52,29.293,3.451,1,,,,,,
12/12/2017,15:47,3.52,29.31,3.235,1.001,,,,,,
12/12/2017,15:57,3.52,29.276,3.287,1.001,,,,,,
12/12/2017,16:07,3.52,29.284,3.247,1.001,,,,,,
12/12/2017,16:17,3.52,29.293,3.447,0.999,,,,,,
12/12/2017,16:27,3.52,29.284,3.365,1,,,,,,
12/12/2017,16:37,3.52,29.267,3.362,1,,,,,,
12/12/2017,16:47,3.52,29.276,3.081,1,,,,,,
12/12/2017,16:57,3.52,29.301,3.435,1,,,,,,
12/12/2017,17:07,3.52,29.293,3.336,1,,,,,,
12/12/2017,17:17,3.52,29.284,3.34,1,,,,,,
12/12/2017,17:27,3.52,29.293,3.195,1,,,,,,
12/12/2017,17:37,3.52,29.293,3.282,1,,,,,,
12/12/2017,17:47,3.52,29.284,3.318,1.001,,,,,,
12/12/2017,17:57,3.52,29.284,3.083,1,,,,,,
12/12/2017,18:07,3.52,29.276,3.106,1.001,,,,,,
12/12/2017,18:17,3.52,29.267,2.774,1.001,,,,,,
12/12/2017,18:27,3.52,29.276,2.725,1,,,,,,
12/12/2017,18:37,3.52,29.276,2.962,1.001,,,,,,
12/12/2017,18:47,3.52,29.276,3.052,1.002,,,,,,
12/12/2017,18:57,3.52,29.276,3.049,1.001,,,,,,
12/12/2017,19:07,3.52,29.284,3.198,1.001,,,,,,
12/12/2017,19:17,3.52,29.293,3.29,1,,,,,,
12/12/2017,19:27,3.52,29.293,3.242,1.001,,,,,,
12/12/2017,19:37,3.52,29.301,3.068,1,,,,,,
12/12/2017,19:47,3.52,29.293,3.363,1,,,,,,
12/12/2017,19:57,3.52,29.284,3.366,1.001,,,,,,
12/12/2017,20:07,3.52,29.293,3.415,1.002,,,,,,
12/12/2017,20:17,3.52,29.267,3.378,1,,,,,,
12/12/2017,20:27,3.52,29.276,3.48,1.001,,,,,,
12/12/2017,20:37,3.52,29.284,3.479,1.001,,,,,,
12/12/2017,20:47,3.52,29.293,3.402,0.999,,,,,,
12/12/2017,20:57,3.52,29.276,3.255,1,,,,,,
12/12/2017,21:07,3.52,29.284,3.452,1,,,,,,
12/12/2017,21:17,3.52,29.267,3.264,1,,,,,,
12/12/2017,21:27,3.52,29.258,3.362,1.001,,,,,,
12/12/2017,21:37,3.52,29.258,3.368,1,,,,,,
12/12/2017,21:47,3.52,29.233,3.393,1,,,,,,
12/12/2017,21:57,3.52,29.267,3.468,1,,,,,,
12/12/2017,22:07,3.52,29.25,3.452,1,,,,,,
12/12/2017,22:17,3.52,29.241,3.26,1,,,,,,
12/12/2017,22:27,3.52,29.25,3.284,1.001,,,,,,
12/12/2017,22:37,3.52,29.224,3.391,1,,,,,,
12/12/2017,22:47,3.52,29.215,3.472,1,,,,,,
12/12/2017,22:57,3.52,29.181,3.346,1.001,,,,,,
12/12/2017,23:07,3.52,29.198,3.447,1,,,,,,
12/12/2017,23:17,3.52,29.19,3.348,1.001,,,,,,
12/12/2017,23:27,3.52,29.181,3.25,1,,,,,,
12/12/2017,23:37,3.52,29.155,3.234,1.001,,,,,,
12/12/2017,23:47,3.52,29.181,3.284,1.001,,,,,,
12/12/2017,23:57,3.52,29.19,3.298,1,,,,,,
13/12/2017,0:07,3.52,29.19,3.293,1.001,,,,,,
13/12/2017,0:17,3.52,29.19,3.223,1.001,,,,,,
13/12/2017,0:27,3.52,29.164,3.234,1,,,,,,
13/12/2017,0:37,3.52,29.172,3.239,1,,,,,,
13/12/2017,0:47,3.52,29.164,3.293,1,,,,,,
13/12/2017,0:57,3.52,29.164,3.257,1.001,,,,,,
13/12/2017,1:07,3.52,29.164,3.046,1.002,,,,,,
13/12/2017,1:17,3.52,29.155,3.188,1.001,,,,,,
13/12/2017,1:27,3.52,29.155,3.174,1.001,,,,,,
13/12/2017,1:37,3.52,29.181,3.191,1.002,,,,,,
13/12/2017,1:47,3.52,29.172,3.18,1,,,,,,
13/12/2017,1:57,3.52,29.164,3.186,1,,,,,,
13/12/2017,2:07,3.52,29.164,3.219,1.001,,,,,,
13/12/2017,2:17,3.52,29.155,3.113,1.001,,,,,,
13/12/2017,2:27,3.52,29.181,2.986,1,,,,,,
13/12/2017,2:37,3.52,29.172,3.103,1.002,,,,,,
13/12/2017,2:47,3.52,29.164,2.717,1.001,,,,,,
13/12/2017,2:57,3.52,29.172,2.692,1.001,,,,,,
13/12/2017,3:07,3.52,29.181,2.725,1.001,,,,,,
13/12/2017,3:17,3.52,29.215,3.096,1.001,,,,,,
13/12/2017,3:27,3.52,29.224,3.045,1.001,,,,,,
13/12/2017,3:37,3.52,29.241,3.125,1,,,,,,
13/12/2017,3:47,3.52,29.25,2.947,1.001,,,,,,
13/12/2017,3:57,3.52,29.267,3.088,1,,,,,,
13/12/2017,4:07,3.52,29.293,3.227,1.001,,,,,,
13/12/2017,4:17,3.52,29.327,3.229,1,,,,,,
13/12/2017,4:27,3.52,29.344,3.255,1.001,,,,,,
13/12/2017,4:37,3.52,29.319,3.028,1,,,,,,
13/12/2017,4:47,3.52,29.379,3.196,1.001,,,,,,
13/12/2017,4:57,3.52,29.482,3.537,1,,,,,,
13/12/2017,5:07,3.52,29.568,3.505,1,,,,,,
13/12/2017,5:17,3.52,29.853,3.753,1,,,,,,
13/12/2017,5:27,3.52,29.887,3.696,0.999,,,,,,
13/12/2017,5:37,3.52,29.715,3.331,1,,,,,,
13/12/2017,5:47,3.52,29.473,3.292,1,,,,,,
13/12/2017,5:57,3.52,29.379,3.334,1,,,,,,
13/12/2017,6:07,3.52,29.37,3.129,1,,,,,,
13/12/2017,6:17,3.52,29.697,3.352,1,,,,,,
13/12/2017,6:27,3.52,29.491,3.373,1,,,,,,
13/12/2017,6:37,3.52,29.577,3.388,1.002,,,,,,
13/12/2017,6:47,3.52,29.542,3.479,1.001,,,,,,
13/12/2017,6:57,3.52,29.405,3.372,0.999,,,,,,
13/12/2017,7:07,3.52,29.62,3.741,1,,,,,,
13/12/2017,7:17,3.52,29.577,3.772,1,,,,,,
13/12/2017,7:27,3.52,29.654,3.915,0.999,,,,,,
13/12/2017,7:37,3.52,29.723,3.951,1.001,,,,,,
13/12/2017,7:47,3.52,29.689,3.753,0.999,,,,,,
13/12/2017,7:57,3.52,29.577,3.539,1,,,,,,
13/12/2017,8:07,3.52,29.577,3.671,0.999,,,,,,
13/12/2017,8:17,3.52,29.559,3.424,1,,,,,,
13/12/2017,8:27,3.52,29.611,3.28,1.001,,,,,,
13/12/2017,8:37,3.52,29.637,2.821,1.002,,,,,,
13/12/2017,8:47,3.52,29.715,3.364,0.999,,,,,,
13/12/2017,8:57,3.52,29.758,3.29,1,,,,,,
13/12/2017,9:07,3.52,29.654,3.414,1,,,,,,
13/12/2017,9:17,3.52,29.706,3.492,1,,,,,,
13/12/2017,9:27,3.52,29.577,3.167,1.001,,,,,,
13/12/2017,9:37,3.52,29.732,3.189,1.001,,,,,,
13/12/2017,9:47,3.52,29.689,3.071,1,,,,,,
13/12/2017,9:57,3.52,29.706,3.013,1.001,,,,,,
13/12/2017,10:07,3.52,29.749,3.083,1,,,,,,
13/12/2017,10:17,3.52,29.835,3.321,0.999,,,,,,
13/12/2017,10:27,3.52,29.853,3.132,1,,,,,,
13/12/2017,10:37,3.52,29.87,3.145,1,,,,,,
13/12/2017,10:47,3.52,29.87,3.273,1,,,,,,
13/12/2017,10:57,3.52,29.861,3.049,1.001,,,,,,
13/12/2017,11:07,3.52,29.87,3.201,1.002,,,,,,
13/12/2017,11:17,3.52,29.801,3.62,1.002,,,,,,
13/12/2017,11:27,3.52,29.749,3.614,1.001,,,,,,
13/12/2017,11:37,3.52,29.697,3.701,0.999,,,,,,
13/12/2017,11:47,3.52,29.68,3.701,0.999,,,,,,
13/12/2017,11:57,3.52,29.646,3.857,0.999,,,,,,
13/12/2017,12:07,3.52,29.637,3.854,1,,,,,,
13/12/2017,12:17,3.52,29.594,3.766,1,,,,,,
13/12/2017,12:27,3.52,29.542,3.678,0.999,,,,,,
13/12/2017,12:37,3.52,29.482,3.613,1,,,,,,
13/12/2017,12:47,3.52,29.448,3.374,1,,,,,,
13/12/2017,12:57,3.52,29.413,3.491,0.999,,,,,,
13/12/2017,13:07,3.52,29.37,3.422,1.001,,,,,,
13/12/2017,13:17,3.52,29.37,3.381,1.001,,,,,,
13/12/2017,13:27,3.52,29.353,3.347,1,,,,,,
13/12/2017,13:37,3.52,29.353,3.341,1,,,,,,
13/12/2017,13:47,3.52,29.344,3.384,1,,,,,,
13/12/2017,13:57,3.52,29.336,3.423,1,,,,,,
13/12/2017,14:07,3.52,29.336,3.421,1.001,,,,,,
13/12/2017,14:17,3.52,29.362,3.349,1,,,,,,
13/12/2017,14:27,3.52,29.327,3.413,1,,,,,,
13/12/2017,14:37,3.52,29.344,3.452,1.001,,,,,,
13/12/2017,14:47,3.52,29.344,3.449,1,,,,,,
13/12/2017,14:57,3.52,29.327,3.557,1,,,,,,
13/12/2017,15:07,3.52,29.336,3.59,0.999,,,,,,
13/12/2017,15:17,3.52,29.31,3.5,1,,,,,,
13/12/2017,15:27,3.52,29.327,3.464,1,,,,,,
13/12/2017,15:37,3.52,29.31,3.49,1,,,,,,
13/12/2017,15:47,3.52,29.276,3.256,1.001,,,,,,
13/12/2017,15:57,3.52,29.301,3.38,1.001,,,,,,
13/12/2017,16:07,3.52,29.267,3.337,1,,,,,,
13/12/2017,16:17,3.52,29.25,3.488,1,,,,,,
13/12/2017,16:27,3.52,29.233,3.446,1.001,,,,,,
13/12/2017,16:37,3.52,29.241,3.389,1.001,,,,,,
13/12/2017,16:47,3.52,29.215,3.42,1,,,,,,
13/12/2017,16:57,3.52,29.19,3.477,1,,,,,,
13/12/2017,17:07,3.52,29.172,3.366,1,,,,,,
13/12/2017,17:17,3.52,29.121,3.385,1,,,,,,
13/12/2017,17:27,3.52,29.155,3.414,1,,,,,,
13/12/2017,17:37,3.52,29.112,3.257,1.001,,,,,,
13/12/2017,17:47,3.52,29.095,3.35,1,,,,,,
13/12/2017,17:57,3.52,29.078,3.295,1,,,,,,
13/12/2017,18:07,3.52,29.069,3.256,1.001,,,,,,
13/12/2017,18:17,3.52,29.061,3.298,1,,,,,,
13/12/2017,18:27,3.52,29.035,3.226,1,,,,,,
13/12/2017,18:37,3.52,29.026,3.138,1.001,,,,,,
13/12/2017,18:47,3.52,29.035,3.355,1.001,,,,,,
13/12/2017,18:57,3.52,29.044,3.144,1.001,,,,,,
13/12/2017,19:07,3.52,29.018,3.159,1,,,,,,
13/12/2017,19:17,3.52,29.001,2.956,1.001,,,,,,
13/12/2017,19:27,3.52,29.009,2.868,1.001,,,,,,
13/12/2017,19:37,3.52,29.001,3.337,1.001,,,,,,
13/12/2017,19:47,3.52,29.018,3.358,1.001,,,,,,
13/12/2017,19:57,3.52,29.018,3.049,1.001,,,,,,
13/12/2017,20:07,3.52,29.001,3.333,1,,,,,,
13/12/2017,20:17,3.52,29.018,3.327,1.001,,,,,,
13/12/2017,20:27,3.52,28.992,3.222,1,,,,,,
13/12/2017,20:37,3.52,28.975,3.087,1.001,,,,,,
13/12/2017,20:47,3.52,28.984,2.973,1.001,,,,,,
13/12/2017,20:57,3.52,29.018,3.264,1,,,,,,
13/12/2017,21:07,3.52,28.975,2.997,1.001,,,,,,
13/12/2017,21:17,3.52,28.992,3.362,1,,,,,,
13/12/2017,21:27,3.52,28.984,3.369,1,,,,,,
13/12/2017,21:37,3.52,28.992,3.324,1,,,,,,
13/12/2017,21:47,3.52,28.984,3.334,1.001,,,,,,
13/12/2017,21:57,3.52,29.001,3.544,0.999,,,,,,
13/12/2017,22:07,3.52,29.001,3.444,1,,,,,,
13/12/2017,22:17,3.52,28.992,3.322,1.001,,,,,,
13/12/2017,22:27,3.52,28.984,3.336,1,,,,,,
13/12/2017,22:37,3.52,28.984,3.441,0.999,,,,,,
13/12/2017,22:47,3.52,28.966,3.515,1,,,,,,
13/12/2017,22:57,3.52,28.958,3.48,1,,,,,,
13/12/2017,23:07,3.52,28.932,3.315,1.001,,,,,,
13/12/2017,23:17,3.52,28.941,3.271,1.001,,,,,,
13/12/2017,23:27,3.52,28.923,3.517,1,,,,,,
13/12/2017,23:37,3.52,28.941,3.36,1.001,,,,,,
13/12/2017,23:47,3.52,28.923,3.35,1,,,,,,
13/12/2017,23:57,3.52,28.923,3.407,0.999,,,,,,
14/12/2017,0:07,3.52,28.923,3.403,0.999,,,,,,
14/12/2017,0:17,3.52,28.923,3.172,1,,,,,,
14/12/2017,0:27,3.52,28.932,3.249,1.001,,,,,,
14/12/2017,0:37,3.52,28.915,3.359,1,,,,,,
14/12/2017,0:47,3.52,28.923,3.419,1.001,,,,,,
14/12/2017,0:57,3.52,28.906,3.314,1,,,,,,
14/12/2017,1:07,3.52,28.932,3.28,1,,,,,,
14/12/2017,1:17,3.52,28.932,3.451,1.001,,,,,,
14/12/2017,1:27,3.52,28.932,3.37,1,,,,,,
14/12/2017,1:37,3.52,28.923,3.372,1,,,,,,
14/12/2017,1:47,3.52,28.932,3.369,1,,,,,,
14/12/2017,1:57,3.52,28.932,2.924,1,,,,,,
14/12/2017,2:07,3.52,28.949,3.317,1,,,,,,
14/12/2017,2:17,3.52,28.958,3.183,1.001,,,,,,
14/12/2017,2:27,3.52,28.941,3.325,1.001,,,,,,
14/12/2017,2:37,3.52,28.958,3.249,1,,,,,,
14/12/2017,2:47,3.52,28.966,2.928,1,,,,,,
14/12/2017,2:57,3.52,28.941,2.973,1,,,,,,
14/12/2017,3:07,3.52,28.966,3.165,1,,,,,,
14/12/2017,3:17,3.52,28.992,3.243,1,,,,,,
14/12/2017,3:27,3.52,28.984,3.366,1,,,,,,
14/12/2017,3:37,3.52,28.992,3.421,1.001,,,,,,
14/12/2017,3:47,3.52,29.001,3.448,1.001,,,,,,
14/12/2017,3:57,3.52,29.009,3.575,1,,,,,,
14/12/2017,4:07,3.52,29.001,3.286,1.001,,,,,,
14/12/2017,4:17,3.52,29.035,3.355,1,,,,,,
14/12/2017,4:27,3.52,29.009,3.262,1,,,,,,
14/12/2017,4:37,3.52,29.001,3.22,1.001,,,,,,
14/12/2017,4:47,3.52,29.026,3.205,1.001,,,,,,
14/12/2017,4:57,3.52,29.026,3.11,1,,,,,,
14/12/2017,5:07,3.52,29.035,3.154,1.001,,,,,,
14/12/2017,5:17,3.52,29.087,2.879,1,,,,,,
14/12/2017,5:27,3.52,29.293,3.276,1,,,,,,
14/12/2017,5:37,3.52,29.258,3.254,1.001,,,,,,
14/12/2017,5:47,3.52,29.439,3.469,1,,,,,,
14/12/2017,5:57,3.52,29.258,3.178,1,,,,,,
14/12/2017,6:07,3.52,29.62,3.51,1,,,,,,
14/12/2017,6:17,3.52,29.628,3.483,1,,,,,,
14/12/2017,6:27,3.52,29.499,3.464,1,,,,,,
14/12/2017,6:37,3.52,29.413,3.294,1.001,,,,,,
14/12/2017,6:47,3.52,29.344,3.429,1,,,,,,
14/12/2017,6:57,3.52,29.353,3.527,1,,,,,,
14/12/2017,7:07,3.52,29.344,3.49,1,,,,,,
14/12/2017,7:17,3.52,29.499,3.337,1,,,,,,
14/12/2017,7:27,3.52,29.542,3.155,1,,,,,,
14/12/2017,7:37,3.52,29.482,3.325,1.001,,,,,,
14/12/2017,7:47,3.52,29.628,3.536,0.999,,,,,,
14/12/2017,7:57,3.52,29.508,3.571,0.999,,,,,,
14/12/2017,8:07,3.52,29.362,3.619,0.999,,,,,,
14/12/2017,8:17,3.52,29.379,3.571,1,,,,,,
14/12/2017,8:27,3.52,29.465,3.55,1,,,,,,
14/12/2017,8:37,3.52,29.473,3.336,1,,,,,,
14/12/2017,8:47,3.52,29.801,3.515,1,,,,,,
14/12/2017,8:57,3.52,29.766,3.556,1,,,,,,
14/12/2017,9:07,3.52,29.559,3.352,1,,,,,,
14/12/2017,9:17,3.52,29.577,3.366,1,,,,,,
14/12/2017,9:27,3.52,29.508,3.248,1,,,,,,
14/12/2017,9:37,3.52,29.784,3.397,1,,,,,,
14/12/2017,9:47,3.52,29.818,3.431,1,,,,,,
14/12/2017,9:57,3.52,29.715,3.313,1.001,,,,,,
14/12/2017,10:07,3.52,29.74,3.238,1.001,,,,,,
14/12/2017,10:17,3.52,29.749,3.159,1,,,,,,
14/12/2017,10:27,3.52,29.784,3.156,1,,,,,,
14/12/2017,10:37,3.52,29.784,3.04,1,,,,,,
14/12/2017,10:47,3.52,29.809,3.091,1,,,,,,
14/12/2017,10:57,3.52,29.766,2.649,1.001,,,,,,
14/12/2017,11:07,3.52,29.732,2.828,1,,,,,,
14/12/2017,11:17,3.52,29.611,2.969,1,,,,,,
14/12/2017,11:27,3.52,29.559,3.022,0.999,,,,,,
14/12/2017,11:37,3.52,29.534,3.028,1.001,,,,,,
14/12/2017,11:47,3.52,29.448,3.217,1.001,,,,,,
14/12/2017,11:57,3.52,29.43,2.937,1.001,,,,,,
14/12/2017,12:07,3.52,29.448,2.94,1,,,,,,
14/12/2017,12:17,3.52,29.413,3.292,1.001,,,,,,
14/12/2017,12:27,3.52,29.491,3.593,1,,,,,,
14/12/2017,12:37,3.52,29.499,3.446,1.002,,,,,,
14/12/2017,12:47,3.52,29.551,3.584,1.001,,,,,,
14/12/2017,12:57,3.52,29.551,3.707,0.999,,,,,,
14/12/2017,13:07,3.52,29.568,3.576,1,,,,,,
14/12/2017,13:17,3.52,29.568,3.598,0.999,,,,,,
14/12/2017,13:27,3.52,29.551,3.386,1,,,,,,
14/12/2017,13:37,3.52,29.534,3.271,1,,,,,,
14/12/2017,13:47,3.52,29.499,3.268,1,,,,,,
14/12/2017,13:57,3.52,29.482,3.25,1,,,,,,
14/12/2017,14:07,3.52,29.448,3.378,1,,,,,,
14/12/2017,14:17,3.52,29.439,3.275,1.002,,,,,,
14/12/2017,14:27,3.52,29.448,3.175,1,,,,,,
14/12/2017,14:37,3.52,29.362,3.146,1,,,,,,
14/12/2017,14:47,3.52,29.422,3.145,1,,,,,,
14/12/2017,14:57,3.52,29.379,3.175,1,,,,,,
14/12/2017,15:07,3.52,29.336,3.17,1,,,,,,
14/12/2017,15:17,3.52,29.319,3.091,1,,,,,,
14/12/2017,15:27,3.52,29.276,3.095,1.001,,,,,,
14/12/2017,15:37,3.52,29.258,3.032,1.001,,,,,,
14/12/2017,15:47,3.52,29.224,3.088,1,,,,,,
14/12/2017,15:57,3.52,29.207,3.015,1,,,,,,
14/12/2017,16:07,3.52,29.19,2.885,1.001,,,,,,
14/12/2017,16:17,3.52,29.181,2.905,1,,,,,,
14/12/2017,16:27,3.52,29.155,2.891,1,,,,,,
14/12/2017,16:37,3.52,29.164,3.098,1,,,,,,
14/12/2017,16:47,3.52,29.138,3.239,1,,,,,,
14/12/2017,16:57,3.52,29.112,3.165,1.001,,,,,,
14/12/2017,17:07,3.52,29.095,3.059,1.001,,,,,,
14/12/2017,17:17,3.52,29.087,3.049,1.001,,,,,,
14/12/2017,17:27,3.52,29.087,2.998,1,,,,,,
14/12/2017,17:37,3.52,29.095,3.186,1,,,,,,
14/12/2017,17:47,3.52,29.095,2.912,1,,,,,,
14/12/2017,17:57,3.52,29.061,3.166,1.001,,,,,,
14/12/2017,18:07,3.52,29.044,3.01,1.001,,,,,,
14/12/2017,18:17,3.52,29.026,2.857,1.001,,,,,,
14/12/2017,18:27,3.52,29.001,3.002,1.001,,,,,,
14/12/2017,18:37,3.52,29.009,2.696,1.001,,,,,,
14/12/2017,18:47,3.52,28.975,2.744,1.001,,,,,,
14/12/2017,18:57,3.52,29.001,2.906,1.001,,,,,,
14/12/2017,19:07,3.52,28.984,2.623,1.001,,,,,,
14/12/2017,19:17,3.52,28.966,2.615,1.002,,,,,,
14/12/2017,19:27,3.52,28.975,2.596,1.001,,,,,,
14/12/2017,19:37,3.52,28.966,2.537,1.001,,,,,,
14/12/2017,19:47,3.52,28.958,2.621,1.001,,,,,,
14/12/2017,19:57,3.52,28.958,2.388,1.002,,,,,,
14/12/2017,20:07,3.52,28.949,2.471,1,,,,,,
14/12/2017,20:17,3.52,28.949,2.688,1.001,,,,,,
14/12/2017,20:27,3.52,28.932,3.118,1.001,,,,,,
14/12/2017,20:37,3.52,28.923,3.009,1,,,,,,
14/12/2017,20:47,3.52,28.923,2.932,1.001,,,,,,
14/12/2017,20:57,3.52,28.915,3.035,1,,,,,,
14/12/2017,21:07,3.52,28.898,2.88,1.001,,,,,,
14/12/2017,21:17,3.52,28.915,3.073,1.001,,,,,,
14/12/2017,21:27,3.52,28.915,3.169,1,,,,,,
14/12/2017,21:37,3.52,28.915,3.125,1.002,,,,,,
14/12/2017,21:47,3.52,28.906,3.108,1.001,,,,,,
14/12/2017,21:57,3.52,28.889,3.058,1.001,,,,,,
14/12/2017,22:07,3.52,28.915,3.155,1.001,,,,,,
14/12/2017,22:17,3.52,28.906,3.221,1.002,,,,,,
14/12/2017,22:27,3.52,28.906,3.143,1.001,,,,,,
14/12/2017,22:37,3.52,28.881,3.235,1.001,,,,,,
14/12/2017,22:47,3.52,28.898,3.131,1,,,,,,
14/12/2017,22:57,3.52,28.915,3.122,1,,,,,,
14/12/2017,23:07,3.52,28.906,2.995,1.001,,,,,,
14/12/2017,23:17,3.52,28.906,3.161,1.001,,,,,,
14/12/2017,23:27,3.52,28.889,3.142,1.001,,,,,,
14/12/2017,23:37,3.52,28.889,3.144,1.001,,,,,,
14/12/2017,23:47,3.52,28.889,3.088,1.001,,,,,,
14/12/2017,23:57,3.52,28.881,3.071,1.001,,,,,,
15/12/2017,0:07,3.52,28.898,3.297,1,,,,,,
15/12/2017,0:17,3.52,28.872,3.142,1.001,,,,,,
15/12/2017,0:27,3.52,28.863,3.203,1.001,,,,,,
15/12/2017,0:37,3.52,28.846,3.188,1,,,,,,
15/12/2017,0:47,3.52,28.838,3.043,1.001,,,,,,
15/12/2017,0:57,3.52,28.829,3.126,1,,,,,,
15/12/2017,1:07,3.52,28.829,3.104,1.001,,,,,,
15/12/2017,1:17,3.52,28.812,3.074,1.001,,,,,,
15/12/2017,1:27,3.52,28.829,3.012,1.001,,,,,,
15/12/2017,1:37,3.52,28.812,3.16,1.001,,,,,,
15/12/2017,1:47,3.52,28.821,3.076,1.001,,,,,,
15/12/2017,1:57,3.52,28.812,3.074,1.001,,,,,,
15/12/2017,2:07,3.52,28.821,3.129,1,,,,,,
15/12/2017,2:17,3.52,28.812,3.078,1.001,,,,,,
15/12/2017,2:27,3.52,28.803,3.096,1.002,,,,,,
15/12/2017,2:37,3.52,28.838,2.957,1.001,,,,,,
15/12/2017,2:47,3.52,28.821,2.895,1.001,,,,,,
15/12/2017,2:57,3.52,28.829,2.857,1,,,,,,
15/12/2017,3:07,3.52,28.846,3.087,1.001,,,,,,
15/12/2017,3:17,3.52,28.846,2.959,1.001,,,,,,
15/12/2017,3:27,3.52,28.872,3.1,1,,,,,,
15/12/2017,3:37,3.52,28.881,2.977,1.002,,,,,,
15/12/2017,3:47,3.52,28.898,3.002,1.001,,,,,,
15/12/2017,3:57,3.52,28.898,3.058,1.001,,,,,,
15/12/2017,4:07,3.52,28.941,3.067,1,,,,,,
15/12/2017,4:17,3.52,28.975,3.267,1.001,,,,,,
15/12/2017,4:27,3.52,28.992,3.136,1,,,,,,
15/12/2017,4:37,3.52,29.018,2.987,1,,,,,,
15/12/2017,4:47,3.52,29.044,3.255,1.001,,,,,,
15/12/2017,4:57,3.52,29.018,2.924,1,,,,,,
15/12/2017,5:07,3.52,29.095,3.086,1.001,,,,,,
15/12/2017,5:17,3.52,29.121,2.909,1,,,,,,
15/12/2017,5:27,3.52,29.129,2.943,1,,,,,,
15/12/2017,5:37,3.52,29.224,3.026,1,,,,,,
15/12/2017,5:47,3.52,29.215,2.898,1,,,,,,
15/12/2017,5:57,3.52,29.241,2.744,1,,,,,,
15/12/2017,6:07,3.52,29.413,3.128,1.002,,,,,,
15/12/2017,6:17,3.52,29.405,2.971,1.001,,,,,,
15/12/2017,6:27,3.52,29.516,3.132,1.001,,,,,,
15/12/2017,6:37,3.52,29.542,2.876,1,,,,,,
15/12/2017,6:47,3.52,29.568,2.799,1,,,,,,
15/12/2017,6:57,3.52,29.715,2.79,1.001,,,,,,
15/12/2017,7:07,3.52,29.844,2.912,1.001,,,,,,
15/12/2017,7:17,3.52,29.758,2.819,1.001,,,,,,
15/12/2017,7:27,3.52,29.663,2.842,1,,,,,,
15/12/2017,7:37,3.52,29.853,2.757,1,,,,,,
15/12/2017,7:47,3.52,30.043,3.031,1.001,,,,,,
15/12/2017,7:57,3.52,29.878,2.793,1.001,,,,,,
15/12/2017,8:07,3.52,29.534,2.753,1,,,,,,
15/12/2017,8:17,3.52,29.301,2.786,1,,,,,,
15/12/2017,8:27,3.52,29.922,2.839,1.002,,,,,,
15/12/2017,8:37,3.52,30.043,3.024,1.001,,,,,,
15/12/2017,8:47,3.52,30.06,2.869,1.001,,,,,,
15/12/2017,8:57,3.52,29.999,2.957,1,,,,,,
15/12/2017,9:07,3.51,29.663,2.793,1,,,,,,
15/12/2017,9:17,3.52,29.853,2.864,1,,,,,,
15/12/2017,9:27,3.52,29.965,2.91,1,,,,,,
15/12/2017,9:37,3.52,29.887,2.777,1.001,,,,,,
15/12/2017,9:47,3.52,29.878,2.843,1,,,,,,
15/12/2017,9:57,3.52,29.861,2.906,1.002,,,,,,
15/12/2017,10:07,3.52,29.663,2.725,1.001,,,,,,
15/12/2017,10:17,3.52,29.801,2.906,1,,,,,,
15/12/2017,10:27,3.52,29.68,2.753,1,,,,,,
15/12/2017,10:37,3.52,29.663,2.779,1,,,,,,
15/12/2017,10:47,3.52,29.654,2.745,1.001,,,,,,
15/12/2017,10:57,3.52,29.585,2.635,1.001,,,,,,
15/12/2017,11:07,3.52,29.62,2.662,1.001,,,,,,
15/12/2017,11:17,3.52,29.525,2.468,1.001,,,,,,
15/12/2017,11:27,3.52,29.585,2.474,1.001,,,,,,
15/12/2017,11:37,3.52,29.559,2.06,1.001,,,,,,
15/12/2017,11:47,3.52,29.551,2.602,1.001,,,,,,
15/12/2017,11:57,3.52,29.534,2.694,1.001,,,,,,
15/12/2017,12:07,3.52,28.119,7.602,0.997,,,,,,
15/12/2017,12:17,3.52,26.614,7.774,0.996,,,,,,
15/12/2017,12:27,3.52,26.597,7.789,0.999,,,,,,
15/12/2017,12:37,3.52,26.343,7.823,0.999,,,,,,
15/12/2017,12:47,3.52,26.106,7.835,0.998,,,,,,
15/12/2017,12:57,3.52,25.912,7.883,0.999,,,,,,
15/12/2017,13:07,3.52,25.734,7.907,0.999,,,,,,
15/12/2017,13:17,3.52,25.574,7.932,0.998,,,,,,
15/12/2017,13:27,3.52,25.599,7.919,0.998,,,,,,
15/12/2017,13:37,3.52,25.658,7.901,0.996,,,,,,
15/12/2017,13:47,3.52,25.718,7.903,0.997,,,,,,
15/12/2017,13:57,3.52,25.777,7.906,0.998,,,,,,
15/12/2017,14:07,3.52,25.793,7.908,0.999,,,,,,
15/12/2017,14:17,3.52,25.65,7.897,0.996,,,,,,
15/12/2017,14:27,3.52,25.498,7.953,0.999,,,,,,
15/12/2017,14:37,3.52,25.355,7.926,0.996,,,,,,
15/12/2017,14:47,3.52,25.212,7.992,0.998,,,,,,
15/12/2017,14:57,3.52,25.161,7.984,0.997,,,,,,
15/12/2017,15:07,3.52,25.22,7.981,0.996,,,,,,
15/12/2017,15:17,3.52,25.262,7.996,0.998,,,,,,
15/12/2017,15:27,3.52,25.456,7.975,0.999,,,,,,
15/12/2017,15:37,3.51,25.338,7.971,0.997,,,,,,
